session_id,driver_name,lap_number,time_s,distance_m,speed_kmh,rpm,throttle_percent,brake_pressure_bar,steering_angle_deg,lateral_g,longitudinal_g,gear
1,Sébastien Loeb,5,0.0,0.0,32.7,3725,17.5,0.0,-6.4,-0.07,-0.12,4
1,Sébastien Loeb,5,0.10015408320493066,1.4329738058551618,32.0,3766,49.5,0.7,-22.5,-0.21,-0.08,3
1,Sébastien Loeb,5,0.20030816640986132,2.8659476117103235,35.3,3863,44.6,0.0,-7.3,-0.09,0.07,3
1,Sébastien Loeb,5,0.30046224961479195,4.298921417565485,33.3,3765,19.3,0.0,7.5,0.16,-0.04,3
1,Sébastien Loeb,5,0.40061633281972264,5.731895223420647,34.9,3870,42.3,0.0,9.3,0.06,-0.04,4
1,Sébastien Loeb,5,0.5007704160246533,7.164869029275809,33.9,3976,13.7,1.5,9.2,-0.04,-0.0,3
1,Sébastien Loeb,5,0.6009244992295839,8.59784283513097,31.4,3570,46.4,0.0,18.5,0.13,-0.12,3
1,Sébastien Loeb,5,0.7010785824345146,10.030816640986131,35.7,3933,49.9,0.3,3.3,0.06,-0.12,2
1,Sébastien Loeb,5,0.8012326656394453,11.463790446841294,34.2,3691,19.0,2.1,14.1,0.12,-0.07,4
1,Sébastien Loeb,5,0.901386748844376,12.896764252696457,35.2,3709,18.3,0.0,24.0,0.02,0.09,3
1,Sébastien Loeb,5,1.0015408320493067,14.329738058551618,33.2,3622,18.5,0.0,15.9,0.01,-0.07,1
1,Sébastien Loeb,5,1.1016949152542372,15.762711864406779,34.3,3943,57.7,0.8,0.2,-0.07,0.25,4
1,Sébastien Loeb,5,1.2018489984591678,17.19568567026194,38.1,3981,43.3,0.0,6.1,-0.01,0.14,3
1,Sébastien Loeb,5,1.3020030816640986,18.628659476117104,35.3,3876,16.4,2.8,34.7,0.23,-0.01,1
1,Sébastien Loeb,5,1.4021571648690292,20.061633281972263,36.1,3883,15.0,0.0,44.8,0.25,-0.02,3
1,Sébastien Loeb,5,1.50231124807396,21.494607087827426,32.5,3756,53.2,0.0,43.2,0.25,0.1,3
1,Sébastien Loeb,5,1.6024653312788906,22.92758089368259,39.8,4295,62.4,0.4,30.8,0.29,0.13,4
1,Sébastien Loeb,5,1.7026194144838211,24.36055469953775,38.7,3859,16.3,0.0,10.9,0.12,-0.07,2
1,Sébastien Loeb,5,1.802773497688752,25.793528505392914,37.7,3962,16.3,0.0,30.5,0.14,-0.06,4
1,Sébastien Loeb,5,1.9029275808936825,27.226502311248073,36.7,3939,15.1,0.0,55.7,0.16,-0.16,3
1,Sébastien Loeb,5,2.0030816640986133,28.659476117103235,35.0,3855,18.6,1.8,43.2,0.14,-0.24,1
1,Sébastien Loeb,5,2.1032357473035437,30.092449922958398,35.9,3734,47.4,1.6,32.5,0.14,0.15,4
1,Sébastien Loeb,5,2.2033898305084745,31.525423728813557,37.1,4081,16.1,0.7,46.6,0.32,-0.02,3
1,Sébastien Loeb,5,2.3035439137134053,32.95839753466872,33.7,3816,14.6,0.0,19.8,0.1,-0.05,2
1,Sébastien Loeb,5,2.4036979969183356,34.39137134052388,34.1,3807,16.3,0.8,30.0,0.08,0.0,3
1,Sébastien Loeb,5,2.5038520801232664,35.824345146379045,31.7,3567,18.8,0.0,25.8,0.06,-0.09,4
1,Sébastien Loeb,5,2.6040061633281972,37.25731895223421,33.5,3966,64.0,0.7,50.7,0.25,0.02,2
1,Sébastien Loeb,5,2.704160246533128,38.69029275808937,38.3,3952,43.2,0.2,56.0,0.37,-0.01,2
1,Sébastien Loeb,5,2.8043143297380584,40.123266563944526,34.3,3980,12.9,0.0,44.6,0.38,0.06,2
1,Sébastien Loeb,5,2.904468412942989,41.55624036979969,34.4,3621,44.7,0.0,35.4,0.16,-0.09,2
1,Sébastien Loeb,5,3.00462249614792,42.98921417565485,35.6,3893,15.3,0.7,49.7,0.24,-0.31,3
1,Sébastien Loeb,5,3.1047765793528503,44.422187981510014,31.8,3675,44.5,0.0,44.3,0.1,-0.03,3
1,Sébastien Loeb,5,3.204930662557781,45.85516178736518,36.9,4033,60.7,0.0,41.2,0.4,0.22,2
1,Sébastien Loeb,5,3.305084745762712,47.28813559322034,37.5,3877,18.0,0.0,59.7,0.16,-0.19,2
1,Sébastien Loeb,5,3.4052388289676423,48.7211093990755,35.8,3779,42.8,0.0,44.8,0.34,-0.1,2
1,Sébastien Loeb,5,3.505392912172573,50.154083204930664,38.3,4055,13.9,3.1,34.2,0.13,-0.04,4
1,Sébastien Loeb,5,3.605546995377504,51.58705701078583,32.3,3450,41.4,0.0,39.0,0.14,0.26,2
1,Sébastien Loeb,5,3.7057010785824342,53.02003081664098,38.7,4074,44.3,0.0,36.6,0.07,-0.11,4
1,Sébastien Loeb,5,3.805855161787365,54.453004622496145,33.5,3854,8.8,16.9,65.9,0.57,-0.25,3
1,Sébastien Loeb,5,3.906009244992296,55.88597842835131,32.4,3670,43.6,0.0,65.9,0.35,0.05,2
1,Sébastien Loeb,5,4.006163328197227,57.31895223420647,34.5,3990,62.7,0.0,66.6,0.34,0.24,4
1,Sébastien Loeb,5,4.1063174114021574,58.75192604006163,38.7,3900,41.6,0.0,75.3,0.47,-0.05,3
1,Sébastien Loeb,5,4.206471494607087,60.184899845916796,35.0,3937,9.9,15.1,85.8,0.36,-0.27,3
1,Sébastien Loeb,5,4.306625577812018,61.61787365177196,33.1,3545,15.4,0.2,60.5,0.3,-0.0,4
1,Sébastien Loeb,5,4.406779661016949,63.050847457627114,32.4,3753,46.0,1.4,76.8,0.39,0.09,1
1,Sébastien Loeb,5,4.50693374422188,64.48382126348228,34.8,3898,17.5,0.2,48.4,0.19,0.15,1
1,Sébastien Loeb,5,4.6070878274268106,65.91679506933744,31.0,3466,15.7,0.0,94.2,0.59,0.02,3
1,Sébastien Loeb,5,4.707241910631741,67.34976887519261,32.4,3834,65.5,0.0,56.2,0.26,0.21,2
1,Sébastien Loeb,5,4.807395993836671,68.78274268104776,38.1,3970,58.9,1.8,65.5,0.17,0.07,2
1,Sébastien Loeb,5,4.907550077041602,70.21571648690292,37.6,3985,14.0,0.0,68.5,0.31,0.18,1
1,Sébastien Loeb,5,5.007704160246533,71.64869029275809,34.7,3931,13.6,0.0,55.9,0.3,-0.11,1
1,Sébastien Loeb,5,5.107858243451464,73.08166409861325,34.1,3816,41.3,1.1,80.6,0.31,-0.05,3
1,Sébastien Loeb,5,5.2080123266563945,74.51463790446842,35.1,4071,60.3,0.0,84.6,0.34,0.28,2
1,Sébastien Loeb,5,5.308166409861325,75.94761171032357,39.7,4141,42.5,4.8,79.8,0.34,-0.13,3
1,Sébastien Loeb,5,5.408320493066256,77.38058551617874,35.8,3872,14.8,0.2,60.8,0.43,-0.24,3
1,Sébastien Loeb,5,5.508474576271186,78.8135593220339,36.8,3770,17.8,0.7,114.8,0.53,-0.01,3
1,Sébastien Loeb,5,5.608628659476117,80.24653312788905,34.6,3779,16.9,0.0,94.5,0.62,-0.03,1
1,Sébastien Loeb,5,5.708782742681048,81.67950693374422,35.1,3881,46.1,0.0,127.0,0.57,0.01,3
1,Sébastien Loeb,5,5.808936825885978,83.11248073959938,36.3,4047,2.2,26.6,76.6,0.42,-0.08,1
1,Sébastien Loeb,5,5.909090909090909,84.54545454545455,25.3,3972,0.0,40.7,104.2,0.48,-0.37,3
1,Sébastien Loeb,5,6.00924499229584,85.9784283513097,21.2,3233,48.3,1.3,102.6,0.59,0.05,4
1,Sébastien Loeb,5,6.10939907550077,87.41140215716487,27.6,3450,49.2,0.0,87.7,0.33,0.01,3
1,Sébastien Loeb,5,6.209553158705701,88.84437596302003,23.8,3177,46.0,2.0,114.3,0.65,-0.06,3
1,Sébastien Loeb,5,6.3097072419106315,90.2773497688752,29.2,3488,49.4,5.3,88.1,0.45,0.04,3
1,Sébastien Loeb,5,6.409861325115562,91.71032357473035,26.4,3473,12.7,0.0,89.8,0.39,0.01,2
1,Sébastien Loeb,5,6.510015408320493,93.14329738058551,25.1,3252,19.1,0.3,44.2,0.2,0.2,4
1,Sébastien Loeb,5,6.610169491525424,94.57627118644068,25.9,3402,19.4,0.8,103.4,0.67,0.05,4
1,Sébastien Loeb,5,6.710323574730355,96.00924499229583,24.8,3272,16.7,3.6,78.4,0.41,-0.29,2
1,Sébastien Loeb,5,6.810477657935285,97.442218798151,24.0,3275,42.3,0.0,91.0,0.38,0.01,3
1,Sébastien Loeb,5,6.910631741140215,98.87519260400616,25.4,3367,49.9,0.0,84.8,0.3,0.06,4
1,Sébastien Loeb,5,7.010785824345146,100.30816640986133,26.8,3414,17.6,0.0,95.7,0.53,0.07,4
1,Sébastien Loeb,5,7.110939907550077,101.74114021571648,24.1,3289,14.6,0.0,108.7,0.56,-0.04,3
1,Sébastien Loeb,5,7.211093990755008,103.17411402157165,23.8,3266,40.8,0.0,103.2,0.59,0.13,3
1,Sébastien Loeb,5,7.311248073959939,104.60708782742681,24.3,3400,51.3,4.0,114.5,0.43,0.1,2
1,Sébastien Loeb,5,7.4114021571648685,106.04006163328197,26.9,3521,53.0,3.5,123.7,0.5,0.22,4
1,Sébastien Loeb,5,7.511556240369799,107.47303543913713,27.9,3498,17.9,0.0,100.0,0.61,-0.07,2
1,Sébastien Loeb,5,7.61171032357473,108.90600924499229,25.7,3254,16.9,0.0,99.2,0.53,-0.02,3
1,Sébastien Loeb,5,7.711864406779661,110.33898305084746,26.2,3412,16.4,0.1,121.5,0.66,0.05,2
1,Sébastien Loeb,5,7.812018489984592,111.77195685670262,23.7,3651,3.1,25.4,123.4,0.52,-0.23,2
1,Sébastien Loeb,5,7.9121725731895225,113.20493066255779,16.8,3162,6.3,20.6,119.7,0.5,-0.22,3
1,Sébastien Loeb,5,8.012326656394453,114.63790446841294,16.1,2765,16.8,0.0,95.1,0.57,-0.1,4
1,Sébastien Loeb,5,8.112480739599384,116.0708782742681,15.0,2785,18.0,0.0,116.4,0.69,-0.1,1
1,Sébastien Loeb,5,8.212634822804315,117.50385208012327,15.0,2787,20.0,0.0,112.4,0.45,0.05,3
1,Sébastien Loeb,5,8.312788906009246,118.93682588597842,15.0,2674,20.0,1.2,127.2,0.51,-0.18,1
1,Sébastien Loeb,5,8.412942989214175,120.36979969183359,15.0,2698,48.4,0.0,103.4,0.51,-0.11,2
1,Sébastien Loeb,5,8.513097072419106,121.80277349768875,17.3,2946,51.2,0.0,87.6,0.36,0.24,3
1,Sébastien Loeb,5,8.613251155624036,123.23574730354392,18.1,2915,15.8,2.3,123.5,0.54,-0.12,3
1,Sébastien Loeb,5,8.713405238828967,124.66872110939907,15.0,2860,14.4,0.0,75.4,0.25,-0.04,2
1,Sébastien Loeb,5,8.813559322033898,126.10169491525423,15.0,2610,41.9,0.0,103.3,0.47,-0.14,2
1,Sébastien Loeb,5,8.913713405238829,127.5346687211094,15.5,2834,40.1,0.2,99.5,0.38,0.01,1
1,Sébastien Loeb,5,9.01386748844376,128.96764252696457,15.0,2736,44.8,0.0,99.8,0.39,-0.05,2
1,Sébastien Loeb,5,9.11402157164869,130.4006163328197,16.9,2944,20.0,1.0,104.5,0.55,-0.16,4
1,Sébastien Loeb,5,9.214175654853621,131.83359013867488,15.0,2724,40.1,0.6,134.5,0.67,0.13,4
1,Sébastien Loeb,5,9.314329738058552,133.26656394453005,16.9,2842,20.0,0.0,128.9,0.69,0.12,2
1,Sébastien Loeb,5,9.414483821263483,134.69953775038522,15.0,2740,19.7,0.0,113.2,0.4,-0.01,3
1,Sébastien Loeb,5,9.514637904468414,136.13251155624036,16.7,2767,20.0,0.0,134.4,0.67,0.1,4
1,Sébastien Loeb,5,9.614791987673343,137.56548536209553,15.0,3059,16.9,0.2,101.8,0.72,0.16,1
1,Sébastien Loeb,5,9.714946070878273,138.9984591679507,15.0,2838,53.8,1.8,100.1,0.46,0.15,4
1,Sébastien Loeb,5,9.815100154083204,140.43143297380584,18.8,3120,47.7,0.0,131.3,0.74,0.09,4
1,Sébastien Loeb,5,9.915254237288135,141.864406779661,17.1,2885,13.1,0.0,127.3,0.72,-0.05,1
1,Sébastien Loeb,5,10.015408320493066,143.29738058551618,15.0,2864,16.2,2.1,112.0,0.65,0.03,2
1,Sébastien Loeb,5,10.115562403697997,144.73035439137135,15.0,2885,48.7,1.0,102.1,0.53,0.01,4
1,Sébastien Loeb,5,10.215716486902927,146.1633281972265,17.4,2868,20.0,2.6,141.2,0.76,-0.03,3
1,Sébastien Loeb,5,10.315870570107858,147.59630200308166,15.0,2724,18.4,0.0,93.7,0.54,0.03,1
1,Sébastien Loeb,5,10.416024653312789,149.02927580893683,16.5,2849,44.8,0.0,110.6,0.62,-0.02,2
1,Sébastien Loeb,5,10.51617873651772,150.46224961479197,16.3,2832,17.2,0.4,123.2,0.5,-0.06,3
1,Sébastien Loeb,5,10.61633281972265,151.89522342064714,15.0,3038,17.6,0.7,146.9,0.56,-0.02,3
1,Sébastien Loeb,5,10.716486902927581,153.3281972265023,15.0,2748,20.0,2.7,125.7,0.47,0.12,3
1,Sébastien Loeb,5,10.816640986132512,154.76117103235748,15.0,2930,52.7,2.4,127.2,0.61,-0.05,4
1,Sébastien Loeb,5,10.916795069337441,156.19414483821262,18.5,3105,20.0,1.1,111.5,0.62,0.08,2
1,Sébastien Loeb,5,11.016949152542372,157.6271186440678,15.0,2732,16.5,1.5,128.5,0.53,0.04,3
1,Sébastien Loeb,5,11.117103235747303,159.06009244992296,16.6,2878,44.4,0.0,121.6,0.7,0.1,3
1,Sébastien Loeb,5,11.217257318952234,160.4930662557781,16.2,2824,44.0,0.0,96.1,0.43,-0.06,3
1,Sébastien Loeb,5,11.317411402157164,161.92604006163327,17.7,2921,17.8,0.2,131.8,0.61,-0.19,2
1,Sébastien Loeb,5,11.417565485362095,163.35901386748844,15.0,2815,15.8,2.0,134.3,0.59,0.01,4
1,Sébastien Loeb,5,11.517719568567026,164.7919876733436,15.4,2737,44.0,1.3,131.7,0.47,0.04,4
1,Sébastien Loeb,5,11.617873651771957,166.22496147919875,16.1,3234,80.8,1.7,120.0,0.62,0.31,3
1,Sébastien Loeb,5,11.718027734976888,167.65793528505392,26.7,3634,80.3,0.0,105.0,0.7,0.14,3
1,Sébastien Loeb,5,11.818181818181818,169.0909090909091,27.3,3562,15.1,0.0,84.5,0.42,0.03,2
1,Sébastien Loeb,5,11.91833590138675,170.52388289676426,24.0,3396,13.5,1.0,121.3,0.42,0.04,3
1,Sébastien Loeb,5,12.01848998459168,171.9568567026194,23.7,3267,53.2,0.0,134.9,0.75,0.06,3
1,Sébastien Loeb,5,12.11864406779661,173.38983050847457,27.7,3440,15.1,0.0,133.3,0.5,-0.01,3
1,Sébastien Loeb,5,12.21879815100154,174.82280431432974,20.9,3089,41.5,0.6,130.4,0.53,0.05,4
1,Sébastien Loeb,5,12.31895223420647,176.25577812018489,28.1,3452,52.5,1.5,116.7,0.56,-0.02,3
1,Sébastien Loeb,5,12.419106317411401,177.68875192604006,24.4,3514,14.3,0.0,133.8,0.68,-0.0,2
1,Sébastien Loeb,5,12.519260400616332,179.12172573189522,25.0,3313,18.6,0.0,131.0,0.55,0.15,3
1,Sébastien Loeb,5,12.619414483821263,180.5546995377504,23.6,3224,19.8,0.0,110.4,0.52,0.0,2
1,Sébastien Loeb,5,12.719568567026194,181.98767334360554,24.9,3454,54.1,0.4,126.4,0.7,-0.07,2
1,Sébastien Loeb,5,12.819722650231125,183.4206471494607,27.5,3378,45.9,0.4,107.8,0.62,-0.04,2
1,Sébastien Loeb,5,12.919876733436055,184.85362095531588,26.5,3492,17.2,0.5,123.5,0.74,-0.21,3
1,Sébastien Loeb,5,13.020030816640986,186.28659476117102,26.0,3360,17.5,1.0,95.4,0.67,0.1,3
1,Sébastien Loeb,5,13.120184899845917,187.7195685670262,25.2,3493,13.0,0.0,96.1,0.56,0.01,3
1,Sébastien Loeb,5,13.220338983050848,189.15254237288136,22.1,3153,16.6,0.5,129.8,0.63,-0.08,3
1,Sébastien Loeb,5,13.320493066255779,190.58551617873653,23.3,3377,47.9,0.0,127.4,0.72,-0.1,3
1,Sébastien Loeb,5,13.42064714946071,192.01848998459167,24.3,3350,49.4,2.3,122.3,0.66,-0.04,2
1,Sébastien Loeb,5,13.520801232665638,193.45146379044684,25.9,3544,43.0,2.9,113.5,0.62,-0.05,4
1,Sébastien Loeb,5,13.62095531587057,194.884437596302,25.1,3618,79.8,0.0,75.7,0.4,0.21,2
1,Sébastien Loeb,5,13.7211093990755,196.31741140215715,37.0,4258,78.9,0.0,109.8,0.46,0.21,2
1,Sébastien Loeb,5,13.82126348228043,197.75038520801232,35.9,3761,16.7,0.1,117.0,0.48,0.1,3
1,Sébastien Loeb,5,13.921417565485362,199.1833590138675,35.1,3832,53.0,0.0,101.5,0.5,-0.0,2
1,Sébastien Loeb,5,14.021571648690292,200.61633281972266,39.6,4065,42.5,3.6,98.1,0.51,-0.14,1
1,Sébastien Loeb,5,14.121725731895223,202.0493066255778,35.8,4099,10.3,0.4,129.7,0.58,-0.22,3
1,Sébastien Loeb,5,14.221879815100154,203.48228043143297,34.1,4108,50.5,0.0,106.4,0.57,0.05,3
1,Sébastien Loeb,5,14.322033898305085,204.91525423728814,38.7,4044,51.8,1.2,113.4,0.77,-0.01,3
1,Sébastien Loeb,5,14.422187981510016,206.3482280431433,37.4,3780,19.8,0.5,117.3,0.41,-0.03,4
1,Sébastien Loeb,5,14.522342064714946,207.78120184899845,38.6,4101,15.3,0.6,89.9,0.51,-0.09,3
1,Sébastien Loeb,5,14.622496147919877,209.21417565485362,34.8,3687,17.0,3.6,107.0,0.53,0.07,4
1,Sébastien Loeb,5,14.722650231124808,210.6471494607088,37.0,4001,15.2,0.7,123.0,0.66,-0.11,2
1,Sébastien Loeb,5,14.822804314329737,212.08012326656393,32.1,3568,19.3,0.0,129.6,0.6,-0.04,3
1,Sébastien Loeb,5,14.922958397534668,213.5130970724191,36.6,3943,49.3,0.0,102.0,0.5,0.12,4
1,Sébastien Loeb,5,15.023112480739599,214.94607087827427,34.7,3997,12.3,0.0,96.9,0.5,-0.13,3
1,Sébastien Loeb,5,15.12326656394453,216.37904468412944,32.3,3689,48.6,2.6,103.5,0.49,0.09,3
1,Sébastien Loeb,5,15.22342064714946,217.81201848998458,37.1,3979,18.4,0.0,102.2,0.36,0.02,2
1,Sébastien Loeb,5,15.323574730354391,219.24499229583975,31.4,3868,9.4,15.9,118.4,0.57,-0.09,1
1,Sébastien Loeb,5,15.423728813559322,220.67796610169492,31.2,3529,55.6,0.0,81.6,0.27,-0.03,3
1,Sébastien Loeb,5,15.523882896764253,222.11093990755006,35.7,3875,57.9,2.0,91.3,0.52,0.21,2
1,Sébastien Loeb,5,15.624036979969183,223.54391371340523,36.1,3695,44.4,1.1,77.7,0.2,0.24,4
1,Sébastien Loeb,5,15.724191063174114,224.9768875192604,36.9,4060,41.2,0.0,78.2,0.49,0.01,2
1,Sébastien Loeb,5,15.824345146379045,226.40986132511557,36.5,3850,43.6,0.0,97.9,0.53,-0.09,4
1,Sébastien Loeb,5,15.924499229583976,227.8428351309707,38.0,4079,19.8,0.0,103.3,0.56,0.0,4
1,Sébastien Loeb,5,16.024653312788907,229.27580893682588,36.4,3773,14.2,0.0,80.3,0.19,0.04,2
1,Sébastien Loeb,5,16.124807395993837,230.70878274268105,34.7,3735,17.2,0.0,100.5,0.47,-0.09,2
1,Sébastien Loeb,5,16.224961479198768,232.1417565485362,34.9,3833,19.5,1.5,104.4,0.64,-0.02,4
1,Sébastien Loeb,5,16.3251155624037,233.57473035439136,34.4,3766,42.7,2.5,115.6,0.53,0.05,4
1,Sébastien Loeb,5,16.42526964560863,235.00770416024653,35.6,3892,17.1,0.0,86.4,0.32,0.09,3
1,Sébastien Loeb,5,16.52542372881356,236.4406779661017,32.8,3518,40.3,2.5,74.6,0.31,0.08,2
1,Sébastien Loeb,5,16.62557781201849,237.87365177195684,35.7,3995,47.3,0.0,67.9,0.33,0.12,3
1,Sébastien Loeb,5,16.72573189522342,239.306625577812,34.8,3824,19.8,2.5,65.1,0.24,-0.05,3
1,Sébastien Loeb,5,16.82588597842835,240.73959938366718,35.6,3844,42.6,0.1,99.1,0.62,0.05,2
1,Sébastien Loeb,5,16.92604006163328,242.17257318952232,35.6,3906,10.2,0.3,56.4,0.28,-0.17,3
1,Sébastien Loeb,5,17.02619414483821,243.6055469953775,30.1,3622,15.8,0.7,96.1,0.42,0.04,1
1,Sébastien Loeb,5,17.126348228043142,245.03852080123266,33.2,3799,56.9,0.0,63.5,0.19,0.2,1
1,Sébastien Loeb,5,17.226502311248073,246.47149460708783,34.8,3635,46.1,2.4,64.9,0.37,0.09,2
1,Sébastien Loeb,5,17.326656394453003,247.90446841294298,34.9,3766,42.6,0.0,71.5,0.4,-0.02,2
1,Sébastien Loeb,5,17.426810477657934,249.33744221879815,35.5,3786,42.6,0.0,61.9,0.23,-0.01,2
1,Sébastien Loeb,5,17.526964560862865,250.77041602465331,35.6,3977,49.0,1.0,85.1,0.2,0.23,3
1,Sébastien Loeb,5,17.627118644067796,252.20338983050846,38.0,3679,40.1,0.0,96.9,0.53,-0.03,2
1,Sébastien Loeb,5,17.727272727272727,253.63636363636363,35.6,3936,13.4,1.6,58.4,0.27,0.04,2
1,Sébastien Loeb,5,17.827426810477657,255.0693374422188,34.4,3741,13.1,2.8,60.4,0.34,-0.04,2
1,Sébastien Loeb,5,17.92758089368259,256.50231124807397,31.8,3698,16.2,2.0,63.0,0.51,-0.07,4
1,Sébastien Loeb,5,18.02773497688752,257.93528505392914,32.3,3804,55.4,0.0,72.1,0.36,-0.06,3
1,Sébastien Loeb,5,18.12788906009245,259.3682588597843,36.1,3970,57.5,0.3,60.2,0.25,0.11,3
1,Sébastien Loeb,5,18.22804314329738,260.8012326656394,37.1,4009,47.2,2.1,81.8,0.29,0.05,3
1,Sébastien Loeb,5,18.32819722650231,262.2342064714946,38.1,3916,13.2,0.0,76.7,0.35,0.11,4
1,Sébastien Loeb,5,18.428351309707242,263.66718027734976,33.3,3911,13.4,1.4,40.3,0.22,-0.15,2
1,Sébastien Loeb,5,18.528505392912173,265.1001540832049,34.4,3726,47.7,1.3,64.4,0.33,0.27,3
1,Sébastien Loeb,5,18.628659476117104,266.5331278890601,35.5,3788,56.9,0.0,77.8,0.56,0.12,3
1,Sébastien Loeb,5,18.728813559322035,267.96610169491527,39.1,3937,19.5,1.7,46.1,0.28,0.03,3
1,Sébastien Loeb,5,18.828967642526965,269.39907550077044,35.2,3948,0.2,29.7,47.5,0.22,-0.26,1
1,Sébastien Loeb,5,18.929121725731896,270.83204930662555,28.1,3787,2.2,26.7,42.5,0.14,-0.15,3
1,Sébastien Loeb,5,19.029275808936827,272.2650231124807,25.3,3270,18.6,0.0,41.2,0.23,0.03,1
1,Sébastien Loeb,5,19.129429892141758,273.6979969183359,27.3,3550,46.2,0.3,22.2,0.02,0.13,3
1,Sébastien Loeb,5,19.229583975346685,275.13097072419106,27.1,3489,16.4,0.0,25.7,0.15,-0.13,3
1,Sébastien Loeb,5,19.329738058551616,276.56394453004623,25.3,3275,12.6,0.0,45.2,0.27,0.07,2
1,Sébastien Loeb,5,19.429892141756547,277.9969183359014,23.0,3095,18.4,0.3,65.2,0.3,0.02,4
1,Sébastien Loeb,5,19.530046224961477,279.42989214175657,24.5,3456,58.1,2.2,31.6,0.1,0.15,1
1,Sébastien Loeb,5,19.63020030816641,280.8628659476117,28.0,3566,48.3,0.5,29.6,-0.07,0.02,4
1,Sébastien Loeb,5,19.73035439137134,282.29583975346685,26.8,3598,13.1,0.0,63.1,0.43,-0.16,3
1,Sébastien Loeb,5,19.83050847457627,283.728813559322,24.1,3416,15.6,0.0,19.3,0.14,-0.04,2
1,Sébastien Loeb,5,19.9306625577812,285.1617873651772,24.3,3300,15.3,0.0,9.4,0.09,-0.03,2
1,Sébastien Loeb,5,20.03081664098613,286.59476117103236,21.5,3242,52.9,0.0,20.2,-0.05,-0.07,4
1,Sébastien Loeb,5,20.130970724191062,288.02773497688753,27.9,3713,58.8,0.8,21.1,0.24,0.18,1
1,Sébastien Loeb,5,20.231124807395993,289.4607087827427,26.8,3422,14.3,0.0,3.1,-0.03,0.04,2
1,Sébastien Loeb,5,20.331278890600924,290.8936825885978,24.7,3324,17.5,1.5,25.7,0.1,-0.1,2
1,Sébastien Loeb,5,20.431432973805855,292.326656394453,25.4,3384,12.7,0.4,40.2,0.09,-0.18,3
1,Sébastien Loeb,5,20.531587057010785,293.75963020030815,20.7,3027,17.5,0.6,5.0,-0.15,-0.06,3
1,Sébastien Loeb,5,20.631741140215716,295.1926040061633,24.0,3459,65.2,1.8,23.9,0.24,0.13,2
1,Sébastien Loeb,5,20.731895223420647,296.6255778120185,27.7,3569,7.3,19.1,26.9,0.26,-0.16,2
1,Sébastien Loeb,5,20.832049306625578,298.05855161787366,17.0,3267,0.0,32.4,18.0,0.07,-0.23,2
1,Sébastien Loeb,5,20.93220338983051,299.49152542372883,15.7,2750,16.5,0.0,20.3,0.03,-0.01,2
1,Sébastien Loeb,5,21.03235747303544,300.92449922958394,15.0,2765,43.4,0.7,18.8,0.06,-0.12,3
1,Sébastien Loeb,5,21.13251155624037,302.3574730354391,16.6,2874,20.0,0.0,1.9,-0.03,-0.13,3
1,Sébastien Loeb,5,21.2326656394453,303.7904468412943,15.0,2748,17.1,0.0,34.9,0.05,-0.3,2
1,Sébastien Loeb,5,21.332819722650232,305.22342064714945,15.0,2751,20.0,0.2,29.4,0.12,0.09,2
1,Sébastien Loeb,5,21.432973805855163,306.6563944530046,15.0,2793,42.9,0.0,26.8,0.15,0.02,2
1,Sébastien Loeb,5,21.533127889060093,308.0893682588598,15.8,2916,48.1,0.0,22.5,0.21,0.15,4
1,Sébastien Loeb,5,21.633281972265024,309.52234206471496,17.2,2878,18.5,0.0,-18.1,-0.09,-0.13,4
1,Sébastien Loeb,5,21.733436055469955,310.9553158705701,15.0,2939,16.0,1.6,17.7,-0.07,-0.04,4
1,Sébastien Loeb,5,21.833590138674882,312.38828967642525,15.0,2540,20.0,2.1,12.0,0.1,0.02,2
1,Sébastien Loeb,5,21.933744221879813,313.8212634822804,15.0,3044,20.0,0.0,-22.6,-0.14,-0.06,1
1,Sébastien Loeb,5,22.033898305084744,315.2542372881356,15.0,2698,43.5,0.9,-4.5,0.11,-0.14,2
1,Sébastien Loeb,5,22.134052388289675,316.68721109399075,16.0,2893,45.4,1.8,1.1,0.15,0.2,2
1,Sébastien Loeb,5,22.234206471494605,318.1201848998459,16.5,2766,18.2,1.8,20.2,0.25,0.12,3
1,Sébastien Loeb,5,22.334360554699536,319.5531587057011,15.0,2909,49.4,0.4,4.4,-0.03,0.01,3
1,Sébastien Loeb,5,22.434514637904467,320.9861325115562,19.1,2983,20.0,1.5,-21.2,0.09,0.05,4
1,Sébastien Loeb,5,22.534668721109398,322.4191063174114,15.0,2833,12.6,0.0,15.5,0.11,-0.12,4
1,Sébastien Loeb,5,22.63482280431433,323.85208012326655,15.0,2857,20.0,0.2,-11.0,0.11,-0.1,2
1,Sébastien Loeb,5,22.73497688751926,325.2850539291217,15.0,2734,20.0,0.0,-17.2,-0.14,0.18,3
1,Sébastien Loeb,5,22.83513097072419,326.7180277349769,15.0,2805,20.0,0.0,-19.9,-0.13,-0.17,2
1,Sébastien Loeb,5,22.93528505392912,328.15100154083206,15.0,2658,20.0,0.1,-41.1,-0.18,-0.03,1
1,Sébastien Loeb,5,23.035439137134052,329.5839753466872,15.0,2747,20.0,0.7,-20.1,-0.09,0.01,3
1,Sébastien Loeb,5,23.135593220338983,331.0169491525424,15.0,2954,40.4,2.3,-12.7,0.06,0.17,1
1,Sébastien Loeb,5,23.235747303543913,332.4499229583975,15.1,2852,20.0,0.5,-27.6,-0.16,0.09,3
1,Sébastien Loeb,5,23.335901386748844,333.8828967642527,15.0,2785,19.8,1.3,-17.2,0.03,-0.17,2
1,Sébastien Loeb,5,23.436055469953775,335.31587057010785,15.0,2708,40.3,1.3,-38.2,-0.12,0.0,3
1,Sébastien Loeb,5,23.536209553158706,336.748844375963,15.1,2798,43.7,5.4,-29.0,-0.17,0.02,3
1,Sébastien Loeb,5,23.636363636363637,338.1818181818182,16.0,2905,48.4,0.0,-23.8,-0.05,0.02,2
1,Sébastien Loeb,5,23.736517719568567,339.61479198767336,17.4,2940,42.4,0.0,-27.4,-0.18,0.07,4
1,Sébastien Loeb,5,23.8366718027735,341.0477657935285,16.7,2814,15.7,2.9,-56.0,-0.04,-0.19,2
1,Sébastien Loeb,5,23.93682588597843,342.48073959938364,15.0,2878,16.9,0.0,-40.1,-0.47,-0.07,3
1,Sébastien Loeb,5,24.03697996918336,343.9137134052388,15.0,2683,44.2,1.8,-10.0,0.02,0.07,3
1,Sébastien Loeb,5,24.13713405238829,345.346687211094,16.2,2971,20.0,0.5,-44.2,-0.4,0.07,3
1,Sébastien Loeb,5,24.23728813559322,346.77966101694915,15.0,2715,17.9,4.2,-38.2,-0.21,-0.01,4
1,Sébastien Loeb,5,24.337442218798152,348.2126348228043,15.0,2951,57.1,0.0,-41.4,-0.22,0.06,2
1,Sébastien Loeb,5,24.43759630200308,349.6456086286595,19.7,3088,20.0,2.4,-18.2,0.06,-0.01,3
1,Sébastien Loeb,5,24.53775038520801,351.07858243451466,15.0,2896,11.5,3.5,-23.9,-0.19,-0.01,3
1,Sébastien Loeb,5,24.63790446841294,352.51155624036977,15.0,2986,60.2,0.0,-32.8,-0.03,0.11,4
1,Sébastien Loeb,5,24.738058551617872,353.94453004622494,20.6,3596,82.1,1.6,-61.1,-0.42,0.11,2
1,Sébastien Loeb,5,24.838212634822803,355.3775038520801,26.7,3478,48.7,0.0,-42.7,-0.08,-0.08,3
1,Sébastien Loeb,5,24.938366718027734,356.8104776579353,23.0,3246,17.0,0.1,-41.1,-0.25,-0.18,3
1,Sébastien Loeb,5,25.038520801232664,358.24345146379045,25.1,3225,54.1,0.0,-61.7,-0.3,0.22,2
1,Sébastien Loeb,5,25.138674884437595,359.6764252696456,26.9,3326,16.4,0.0,-65.8,-0.36,0.04,3
1,Sébastien Loeb,5,25.238828967642526,361.1093990755008,23.1,3321,16.8,0.8,-28.7,-0.02,-0.04,2
1,Sébastien Loeb,5,25.338983050847457,362.5423728813559,25.2,3495,58.0,0.3,-60.3,-0.19,0.05,3
1,Sébastien Loeb,5,25.439137134052388,363.9753466872111,28.0,3657,10.9,3.0,-33.1,-0.12,-0.15,4
1,Sébastien Loeb,5,25.53929121725732,365.40832049306624,20.1,3236,11.6,1.2,-43.9,-0.33,0.02,3
1,Sébastien Loeb,5,25.63944530046225,366.8412942989214,23.4,3410,51.2,4.6,-54.2,-0.34,0.25,3
1,Sébastien Loeb,5,25.73959938366718,368.2742681047766,23.2,3178,44.5,0.2,-55.0,-0.38,-0.04,3
1,Sébastien Loeb,5,25.83975346687211,369.70724191063175,24.6,3305,46.2,0.0,-84.3,-0.65,0.15,1
1,Sébastien Loeb,5,25.93990755007704,371.1402157164869,24.9,3205,16.9,0.0,-61.6,-0.18,-0.03,2
1,Sébastien Loeb,5,26.040061633281972,372.57318952234203,22.9,3060,17.8,0.0,-44.9,-0.26,-0.04,3
1,Sébastien Loeb,5,26.140215716486903,374.0061633281972,23.7,3041,42.1,0.0,-57.4,-0.32,0.16,2
1,Sébastien Loeb,5,26.240369799691834,375.4391371340524,23.5,3106,42.2,0.0,-66.7,-0.18,0.01,2
1,Sébastien Loeb,5,26.340523882896765,376.87211093990754,24.3,3442,47.1,0.0,-44.7,-0.27,0.07,3
1,Sébastien Loeb,5,26.440677966101696,378.3050847457627,25.4,3207,49.1,0.9,-74.6,-0.46,0.07,2
1,Sébastien Loeb,5,26.540832049306626,379.7380585516179,26.8,3371,46.0,0.0,-82.5,-0.43,-0.13,2
1,Sébastien Loeb,5,26.640986132511557,381.17103235747305,27.1,3568,74.2,0.0,-72.2,-0.47,0.2,3
1,Sébastien Loeb,5,26.741140215716488,382.60400616332817,36.3,3976,62.1,0.0,-64.4,-0.29,0.06,2
1,Sébastien Loeb,5,26.84129429892142,384.03697996918334,33.3,3727,17.6,0.0,-103.0,-0.55,-0.17,4
1,Sébastien Loeb,5,26.941448382126346,385.4699537750385,35.0,3914,63.4,0.0,-74.2,-0.42,0.07,4
1,Sébastien Loeb,5,27.041602465331277,386.9029275808937,39.7,4170,47.3,2.2,-67.6,-0.4,-0.02,3
1,Sébastien Loeb,5,27.141756548536208,388.33590138674884,37.0,4208,9.9,15.2,-85.1,-0.44,-0.0,2
1,Sébastien Loeb,5,27.24191063174114,389.768875192604,34.1,3522,44.1,1.0,-65.7,-0.32,-0.09,3
1,Sébastien Loeb,5,27.34206471494607,391.2018489984592,38.2,3844,40.4,5.5,-74.0,-0.42,-0.08,4
1,Sébastien Loeb,5,27.442218798151,392.6348228043143,34.2,3879,11.9,0.8,-52.7,-0.3,-0.06,3
1,Sébastien Loeb,5,27.54237288135593,394.06779661016947,33.7,3924,52.8,0.0,-97.3,-0.49,-0.07,2
1,Sébastien Loeb,5,27.64252696456086,395.50077041602464,37.8,3890,17.7,0.0,-74.7,-0.39,-0.09,3
1,Sébastien Loeb,5,27.742681047765792,396.9337442218798,32.4,3855,8.1,17.9,-103.6,-0.52,-0.29,4
1,Sébastien Loeb,5,27.842835130970723,398.366718027735,31.2,3605,56.2,0.0,-113.8,-0.64,0.17,3
1,Sébastien Loeb,5,27.942989214175654,399.79969183359015,36.9,3831,54.0,0.5,-121.2,-0.51,0.04,3
1,Sébastien Loeb,5,28.043143297380585,401.2326656394453,35.1,3956,17.1,0.2,-83.7,-0.41,-0.03,3
1,Sébastien Loeb,5,28.143297380585516,402.6656394453004,35.3,3608,18.6,0.0,-90.1,-0.5,0.08,3
1,Sébastien Loeb,5,28.243451463790446,404.0986132511556,34.3,3973,18.7,0.0,-101.1,-0.47,-0.09,1
1,Sébastien Loeb,5,28.343605546995377,405.53158705701077,34.5,3806,19.7,2.2,-121.6,-0.62,-0.03,3
1,Sébastien Loeb,5,28.443759630200308,406.96456086286594,34.1,3800,18.6,0.0,-106.4,-0.71,-0.12,1
1,Sébastien Loeb,5,28.54391371340524,408.3975346687211,33.7,3750,40.5,0.0,-97.0,-0.45,-0.1,3
1,Sébastien Loeb,5,28.64406779661017,409.8305084745763,34.2,3702,41.5,0.0,-86.2,-0.53,-0.08,2
1,Sébastien Loeb,5,28.7442218798151,411.26348228043145,34.2,3780,18.4,0.0,-99.3,-0.4,-0.07,3
1,Sébastien Loeb,5,28.84437596302003,412.6964560862866,33.3,3658,19.5,1.7,-96.2,-0.51,-0.04,2
1,Sébastien Loeb,5,28.944530046224962,414.12942989214173,33.9,3871,14.0,0.0,-106.6,-0.45,-0.03,3
1,Sébastien Loeb,5,29.044684129429893,415.5624036979969,30.0,3585,48.9,1.5,-75.6,-0.44,-0.04,3
1,Sébastien Loeb,5,29.144838212634824,416.99537750385207,36.4,3932,60.8,3.1,-118.0,-0.58,0.14,2
1,Sébastien Loeb,5,29.244992295839754,418.42835130970724,35.8,3757,17.2,1.8,-114.1,-0.45,0.02,2
1,Sébastien Loeb,5,29.345146379044685,419.8613251155624,34.8,3654,19.4,0.0,-111.9,-0.59,-0.05,2
1,Sébastien Loeb,5,29.445300462249616,421.2942989214176,35.5,3897,42.6,0.3,-97.2,-0.55,-0.07,4
1,Sébastien Loeb,5,29.545454545454543,422.72727272727275,35.5,3785,16.5,0.0,-121.7,-0.54,-0.03,3
1,Sébastien Loeb,5,29.645608628659474,424.16024653312786,33.6,3544,17.1,0.0,-104.9,-0.46,-0.05,3
1,Sébastien Loeb,5,29.745762711864405,425.59322033898303,33.9,3827,49.0,0.7,-105.2,-0.58,0.07,2
1,Sébastien Loeb,5,29.845916795069336,427.0261941448382,36.1,4008,45.3,0.0,-118.9,-0.79,0.18,3
1,Sébastien Loeb,5,29.946070878274266,428.45916795069337,35.4,3957,50.9,0.0,-104.2,-0.58,0.06,4
1,Sébastien Loeb,5,30.046224961479197,429.89214175654854,39.1,3996,50.2,0.0,-125.0,-0.56,-0.01,4
1,Sébastien Loeb,5,30.146379044684128,431.3251155624037,38.2,3833,16.0,0.0,-127.3,-0.71,-0.13,3
1,Sébastien Loeb,5,30.24653312788906,432.7580893682589,36.9,4001,11.4,3.0,-109.7,-0.55,-0.17,1
1,Sébastien Loeb,5,30.34668721109399,434.191063174114,33.5,3766,14.6,0.0,-136.8,-0.75,-0.2,2
1,Sébastien Loeb,5,30.44684129429892,435.62403697996916,33.9,3614,19.1,1.0,-144.6,-0.92,0.08,1
1,Sébastien Loeb,5,30.54699537750385,437.05701078582433,33.0,3766,46.1,0.0,-105.1,-0.59,-0.19,2
1,Sébastien Loeb,5,30.647149460708782,438.4899845916795,35.6,4088,13.7,2.5,-97.9,-0.42,-0.02,2
1,Sébastien Loeb,5,30.747303543913713,439.92295839753467,29.5,3551,17.3,2.3,-121.2,-0.84,-0.11,2
1,Sébastien Loeb,5,30.847457627118644,441.35593220338984,34.1,3895,57.5,2.4,-124.7,-0.6,0.04,2
1,Sébastien Loeb,5,30.947611710323574,442.788906009245,34.4,3702,16.2,0.0,-100.1,-0.62,-0.13,4
1,Sébastien Loeb,5,31.047765793528505,444.2218798151001,32.0,3817,48.0,0.4,-132.8,-0.6,0.19,3
1,Sébastien Loeb,5,31.147919876733436,445.6548536209553,36.6,3850,42.8,1.5,-136.5,-0.61,0.02,4
1,Sébastien Loeb,5,31.248073959938367,447.08782742681046,32.7,3616,18.1,0.8,-105.9,-0.55,0.06,3
1,Sébastien Loeb,5,31.348228043143298,448.52080123266563,35.5,4066,68.2,1.3,-116.8,-0.6,0.27,2
1,Sébastien Loeb,5,31.44838212634823,449.9537750385208,40.6,4211,13.2,0.1,-101.3,-0.59,-0.05,3
1,Sébastien Loeb,5,31.54853620955316,451.386748844376,31.8,3814,9.4,15.8,-149.7,-0.88,-0.23,2
1,Sébastien Loeb,5,31.64869029275809,452.81972265023114,34.7,3942,48.7,0.0,-139.0,-0.53,0.02,3
1,Sébastien Loeb,5,31.74884437596302,454.25269645608626,34.2,3780,18.4,0.0,-118.1,-0.68,-0.09,2
1,Sébastien Loeb,5,31.84899845916795,455.6856702619414,33.8,3937,6.2,20.7,-112.3,-0.4,-0.19,4
1,Sébastien Loeb,5,31.949152542372882,457.1186440677966,26.5,3603,8.1,17.8,-106.1,-0.62,-0.13,2
1,Sébastien Loeb,5,32.04930662557781,458.55161787365176,27.2,3411,40.1,0.0,-116.4,-0.53,-0.01,2
1,Sébastien Loeb,5,32.14946070878274,459.98459167950693,26.5,3329,13.4,1.5,-116.8,-0.7,-0.03,4
1,Sébastien Loeb,5,32.249614791987675,461.4175654853621,23.6,3412,52.0,1.7,-125.3,-0.57,0.12,1
1,Sébastien Loeb,5,32.3497688751926,462.8505392912173,29.9,3539,16.2,2.6,-95.7,-0.51,-0.05,3
1,Sébastien Loeb,5,32.449922958397536,464.2835130970724,21.5,3295,7.5,18.7,-136.3,-0.71,-0.09,3
1,Sébastien Loeb,5,32.550077041602464,465.71648690292756,22.9,3362,54.0,1.7,-114.4,-0.51,0.02,4
1,Sébastien Loeb,5,32.6502311248074,467.1494607087827,25.3,3422,48.1,3.7,-134.7,-0.72,0.17,4
1,Sébastien Loeb,5,32.750385208012325,468.5824345146379,25.2,3212,42.3,0.0,-111.9,-0.7,-0.04,4
1,Sébastien Loeb,5,32.85053929121726,470.01540832049307,26.0,3486,50.7,0.0,-135.5,-0.6,0.17,1
1,Sébastien Loeb,5,32.95069337442219,471.44838212634824,28.2,3396,17.8,0.0,-108.8,-0.66,-0.17,4
1,Sébastien Loeb,5,33.05084745762712,472.8813559322034,24.8,3526,14.7,0.0,-118.3,-0.54,-0.09,3
1,Sébastien Loeb,5,33.15100154083205,474.3143297380585,25.2,3213,18.3,2.9,-93.8,-0.37,-0.05,3
1,Sébastien Loeb,5,33.25115562403698,475.7473035439137,23.8,3249,43.4,1.1,-124.1,-0.66,0.05,2
1,Sébastien Loeb,5,33.35130970724191,477.18027734976886,26.2,3251,42.0,1.0,-113.4,-0.45,0.1,3
1,Sébastien Loeb,5,33.45146379044684,478.613251155624,24.4,3506,16.7,0.0,-131.4,-0.61,-0.16,4
1,Sébastien Loeb,5,33.55161787365177,480.0462249614792,24.4,3156,46.2,0.0,-123.9,-0.69,-0.08,4
1,Sébastien Loeb,5,33.6517719568567,481.47919876733437,26.1,3454,49.7,0.0,-117.8,-0.45,-0.09,3
1,Sébastien Loeb,5,33.75192604006163,482.91217257318954,27.1,3478,10.1,2.3,-142.1,-0.82,0.03,1
1,Sébastien Loeb,5,33.85208012326656,484.34514637904465,20.6,3402,0.0,30.6,-140.2,-0.74,-0.18,2
1,Sébastien Loeb,5,33.952234206471495,485.7781201848998,15.7,3032,9.9,15.1,-109.7,-0.57,-0.21,4
1,Sébastien Loeb,5,34.05238828967642,487.211093990755,15.0,2915,44.2,0.0,-120.7,-0.54,-0.02,3
1,Sébastien Loeb,5,34.152542372881356,488.64406779661016,16.9,3007,20.0,3.0,-127.1,-0.52,0.12,3
1,Sébastien Loeb,5,34.252696456086284,490.07704160246533,15.0,2622,42.5,0.0,-128.9,-0.54,-0.01,1
1,Sébastien Loeb,5,34.35285053929122,491.5100154083205,17.6,2907,20.0,0.0,-128.0,-0.62,-0.03,3
1,Sébastien Loeb,5,34.453004622496145,492.94298921417567,15.0,2990,15.3,0.0,-115.5,-0.61,-0.13,3
1,Sébastien Loeb,5,34.55315870570108,494.3759630200308,15.0,2657,47.6,0.0,-110.1,-0.73,-0.06,4
1,Sébastien Loeb,5,34.65331278890601,495.80893682588595,17.1,2887,20.0,0.1,-147.8,-0.87,0.12,3
1,Sébastien Loeb,5,34.75346687211094,497.2419106317411,15.0,2826,16.2,0.0,-94.8,-0.3,0.13,2
1,Sébastien Loeb,5,34.85362095531587,498.6748844375963,15.0,2793,40.1,0.0,-95.4,-0.66,-0.1,3
1,Sébastien Loeb,5,34.9537750385208,500.10785824345146,15.0,2674,20.0,2.4,-150.0,-0.83,0.14,1
1,Sébastien Loeb,5,35.05392912172573,501.54083204930663,15.0,2665,45.8,0.0,-98.2,-0.38,-0.02,4
1,Sébastien Loeb,5,35.154083204930664,502.9738058551618,16.6,2705,46.4,0.0,-98.2,-0.47,0.09,2
1,Sébastien Loeb,5,35.25423728813559,504.4067796610169,16.8,2989,17.4,2.2,-113.5,-0.47,0.11,3
1,Sébastien Loeb,5,35.354391371340526,505.8397534668721,15.2,2934,16.8,0.0,-132.3,-0.61,-0.05,2
1,Sébastien Loeb,5,35.45454545454545,507.27272727272725,15.0,2794,41.4,0.0,-97.1,-0.34,-0.03,3
1,Sébastien Loeb,5,35.55469953775039,508.7057010785824,15.6,2737,41.2,2.5,-115.3,-0.55,0.09,3
1,Sébastien Loeb,5,35.654853620955315,510.1386748844376,15.3,2625,42.0,3.8,-102.8,-0.45,-0.1,3
1,Sébastien Loeb,5,35.75500770416025,511.57164869029276,16.1,2875,19.4,0.0,-77.1,-0.46,0.11,2
1,Sébastien Loeb,5,35.85516178736518,513.0046224961479,15.0,2681,18.0,0.0,-105.9,-0.47,-0.01,2
1,Sébastien Loeb,5,35.955315870570104,514.437596302003,15.0,2716,43.7,0.0,-122.7,-0.65,-0.04,2
1,Sébastien Loeb,5,36.05546995377504,515.8705701078583,16.0,2832,49.0,0.0,-113.3,-0.61,-0.01,3
1,Sébastien Loeb,5,36.155624036979965,517.3035439137134,17.5,2888,43.3,0.0,-119.3,-0.51,-0.12,1
1,Sébastien Loeb,5,36.2557781201849,518.7365177195686,16.9,2855,15.8,0.0,-100.2,-0.41,-0.1,3
1,Sébastien Loeb,5,36.35593220338983,520.1694915254237,15.2,2831,16.5,0.8,-118.0,-0.42,-0.06,4
1,Sébastien Loeb,5,36.45608628659476,521.6024653312788,15.0,2711,42.3,0.0,-112.2,-0.4,-0.09,4
1,Sébastien Loeb,5,36.55624036979969,523.0354391371341,15.8,2861,20.0,0.0,-123.5,-0.53,-0.0,3
1,Sébastien Loeb,5,36.65639445300462,524.4684129429892,15.0,2882,18.5,0.0,-105.4,-0.7,0.03,3
1,Sébastien Loeb,5,36.75654853620955,525.9013867488444,15.0,2870,50.9,0.0,-99.9,-0.32,0.03,1
1,Sébastien Loeb,5,36.856702619414484,527.3343605546995,18.0,2976,42.9,0.0,-141.9,-0.62,0.08,3
1,Sébastien Loeb,5,36.95685670261941,528.7673343605547,15.8,3111,14.6,0.5,-96.8,-0.56,-0.14,4
1,Sébastien Loeb,5,37.057010785824346,530.2003081664099,15.0,2663,43.1,0.5,-100.4,-0.43,0.12,2
1,Sébastien Loeb,5,37.15716486902927,531.633281972265,16.7,2802,49.3,1.8,-110.2,-0.65,0.06,3
1,Sébastien Loeb,5,37.25731895223421,533.0662557781202,17.6,3008,17.0,0.0,-67.4,-0.27,0.12,4
1,Sébastien Loeb,5,37.357473035439135,534.4992295839753,15.0,3037,15.4,0.0,-82.4,-0.54,0.19,4
1,Sébastien Loeb,5,37.45762711864407,535.9322033898305,15.0,2724,20.0,1.1,-112.2,-0.64,-0.05,2
1,Sébastien Loeb,5,37.557781201849,537.3651771956856,15.0,2992,46.9,0.0,-82.1,-0.34,-0.01,3
1,Sébastien Loeb,5,37.65793528505393,538.7981510015409,16.9,2926,47.0,0.4,-75.0,-0.27,0.01,2
1,Sébastien Loeb,5,37.75808936825886,540.231124807396,16.9,3170,79.0,0.0,-90.6,-0.42,0.26,2
1,Sébastien Loeb,5,37.85824345146379,541.6640986132511,27.8,3652,76.3,3.1,-86.0,-0.46,0.32,4
1,Sébastien Loeb,5,37.95839753466872,543.0970724191063,27.0,3631,9.1,16.3,-85.3,-0.64,-0.18,4
1,Sébastien Loeb,5,38.058551617873654,544.5300462249614,21.7,3048,17.4,0.0,-120.5,-0.62,0.01,3
1,Sébastien Loeb,5,38.15870570107858,545.9630200308167,25.6,3328,44.1,2.5,-90.8,-0.4,0.01,1
1,Sébastien Loeb,5,38.258859784283516,547.3959938366718,22.9,3360,17.1,0.0,-90.4,-0.48,0.03,4
1,Sébastien Loeb,5,38.35901386748844,548.828967642527,24.0,3257,48.8,0.0,-64.2,-0.32,0.2,3
1,Sébastien Loeb,5,38.45916795069337,550.2619414483821,25.3,3496,49.7,0.0,-79.4,-0.42,0.03,2
1,Sébastien Loeb,5,38.559322033898304,551.6949152542372,26.7,3289,16.2,0.0,-87.7,-0.47,-0.21,3
1,Sébastien Loeb,5,38.65947611710323,553.1278890600925,23.2,3335,8.6,17.1,-83.3,-0.41,-0.04,1
1,Sébastien Loeb,5,38.759630200308166,554.5608628659476,20.4,2954,47.7,1.0,-65.3,-0.35,-0.04,3
1,Sébastien Loeb,5,38.85978428351309,555.9938366718028,25.4,3633,75.8,1.9,-82.2,-0.27,0.17,3
1,Sébastien Loeb,5,38.95993836671803,557.4268104776579,30.3,3620,18.6,0.0,-88.6,-0.66,0.06,2
1,Sébastien Loeb,5,39.060092449922955,558.8597842835131,24.6,3424,10.7,0.0,-80.9,-0.46,-0.07,2
1,Sébastien Loeb,5,39.16024653312789,560.2927580893682,25.1,3520,54.3,0.0,-61.4,-0.39,0.06,2
1,Sébastien Loeb,5,39.26040061633282,561.7257318952234,28.6,3392,43.9,0.0,-66.7,-0.31,-0.04,1
1,Sébastien Loeb,5,39.36055469953775,563.1587057010786,26.2,3444,14.4,4.7,-72.1,-0.35,-0.35,3
1,Sébastien Loeb,5,39.46070878274268,564.5916795069337,25.4,3230,19.5,0.6,-68.5,-0.18,0.06,4
1,Sébastien Loeb,5,39.56086286594761,566.0246533127889,25.9,3333,40.2,1.8,-78.4,-0.2,-0.02,1
1,Sébastien Loeb,5,39.66101694915254,567.457627118644,25.5,3572,64.6,3.9,-71.5,-0.43,0.28,1
1,Sébastien Loeb,5,39.761171032357474,568.8906009244993,32.7,3940,64.5,2.3,-77.1,-0.39,0.16,3
1,Sébastien Loeb,5,39.8613251155624,570.3235747303544,32.3,3727,61.8,0.0,-70.2,-0.33,0.06,4
1,Sébastien Loeb,5,39.961479198767336,571.7565485362095,38.8,3960,51.0,0.0,-44.1,-0.3,0.16,2
1,Sébastien Loeb,5,40.06163328197226,573.1895223420647,35.4,3827,13.6,0.0,-79.0,-0.33,0.05,2
1,Sébastien Loeb,5,40.1617873651772,574.6224961479198,35.2,3756,19.0,0.0,-71.7,-0.38,-0.03,3
1,Sébastien Loeb,5,40.261941448382125,576.0554699537751,34.8,3799,44.9,0.0,-78.7,-0.5,0.14,2
1,Sébastien Loeb,5,40.36209553158706,577.4884437596302,36.6,4088,58.9,0.5,-80.5,-0.43,0.04,1
1,Sébastien Loeb,5,40.462249614791986,578.9214175654854,40.1,3938,19.1,0.5,-59.7,-0.4,0.01,3
1,Sébastien Loeb,5,40.56240369799692,580.3543913713405,36.0,3867,8.7,16.9,-64.6,-0.22,-0.06,3
1,Sébastien Loeb,5,40.66255778120185,581.7873651771956,33.8,3954,17.6,0.0,-27.4,0.05,0.05,3
1,Sébastien Loeb,5,40.76271186440678,583.2203389830509,34.7,3743,51.9,0.6,-56.5,-0.26,0.12,3
1,Sébastien Loeb,5,40.86286594761171,584.653312788906,37.1,3973,18.4,0.0,-31.4,-0.15,-0.05,3
1,Sébastien Loeb,5,40.963020030816644,586.0862865947612,33.8,3711,19.2,1.7,-34.7,-0.16,0.1,2
1,Sébastien Loeb,5,41.06317411402157,587.5192604006163,36.7,3985,13.7,0.0,-50.7,-0.14,-0.08,2
1,Sébastien Loeb,5,41.1633281972265,588.9522342064715,30.4,3596,16.1,0.0,-14.4,0.04,-0.1,2
1,Sébastien Loeb,5,41.26348228043143,590.3852080123266,34.5,3901,61.2,0.0,-40.4,-0.21,0.05,2
1,Sébastien Loeb,5,41.36363636363636,591.8181818181818,36.3,3967,50.8,0.8,-20.1,-0.08,0.25,3
1,Sébastien Loeb,5,41.463790446841294,593.251155624037,37.5,3937,14.8,0.5,-20.3,-0.04,-0.13,4
1,Sébastien Loeb,5,41.56394453004622,594.6841294298921,33.4,3984,10.0,2.1,-33.4,-0.28,0.03,4
1,Sébastien Loeb,5,41.664098613251156,596.1171032357473,32.0,3697,44.0,0.0,-26.7,-0.01,-0.09,3
1,Sébastien Loeb,5,41.76425269645608,597.5500770416024,34.5,3811,42.7,0.0,-27.0,0.04,0.06,2
1,Sébastien Loeb,5,41.86440677966102,598.9830508474577,32.7,3595,40.8,1.3,-51.9,-0.14,0.03,2
1,Sébastien Loeb,5,41.964560862865945,600.4160246533128,34.7,3792,48.1,0.0,-32.2,-0.29,0.2,4
1,Sébastien Loeb,5,42.06471494607088,601.8489984591679,35.0,3715,15.8,0.5,-15.3,-0.27,-0.11,3
1,Sébastien Loeb,5,42.164869029275806,603.2819722650231,32.4,3641,45.8,0.0,-6.8,0.04,-0.06,3
1,Sébastien Loeb,5,42.26502311248074,604.7149460708782,36.6,3810,48.4,5.4,-38.9,-0.27,0.03,3
1,Sébastien Loeb,5,42.36517719568567,606.1479198767335,34.7,3885,42.0,0.0,-18.5,-0.06,0.18,3
1,Sébastien Loeb,5,42.4653312788906,607.5808936825886,37.2,3985,13.9,2.4,-22.4,0.04,-0.15,4
1,Sébastien Loeb,5,42.56548536209553,609.0138674884438,31.3,3734,12.4,0.0,-24.8,-0.19,-0.34,1
1,Sébastien Loeb,5,42.665639445300464,610.4468412942989,33.0,3796,57.0,0.8,-16.0,-0.12,0.09,3
1,Sébastien Loeb,5,42.76579352850539,611.879815100154,36.0,3837,41.6,3.0,-16.4,-0.05,0.1,4
1,Sébastien Loeb,5,42.865947611710325,613.3127889060092,33.4,3966,17.5,2.3,-9.8,-0.18,-0.13,2
1,Sébastien Loeb,5,42.96610169491525,614.7457627118644,34.7,3761,45.8,0.0,5.4,-0.05,0.11,3
1,Sébastien Loeb,5,43.06625577812019,616.1787365177196,35.0,3708,42.3,0.0,-2.8,-0.01,-0.09,2
1,Sébastien Loeb,5,43.166409861325114,617.6117103235747,35.3,3868,17.6,2.0,-8.2,-0.07,-0.04,4
1,Sébastien Loeb,5,43.26656394453005,619.0446841294299,33.6,3430,20.0,4.7,16.9,0.15,0.07,1
1,Sébastien Loeb,5,43.366718027734976,620.477657935285,35.3,3779,19.6,0.4,7.2,0.31,-0.12,3
1,Sébastien Loeb,5,43.46687211093991,621.9106317411402,33.4,3672,43.8,3.9,-9.1,-0.04,0.04,2
1,Sébastien Loeb,5,43.56702619414484,623.3436055469954,36.3,3766,44.8,0.0,-24.2,-0.21,0.15,3
1,Sébastien Loeb,5,43.667180277349765,624.7765793528505,34.8,3827,18.1,1.9,-19.1,0.05,0.03,2
1,Sébastien Loeb,5,43.7673343605547,626.2095531587057,35.3,3964,59.3,2.2,11.5,-0.1,0.03,2
1,Sébastien Loeb,5,43.867488443759626,627.6425269645608,40.1,3918,15.5,0.0,-10.3,-0.19,0.11,3
1,Sébastien Loeb,5,43.96764252696456,629.075500770416,32.8,3660,15.7,0.0,-14.2,-0.13,0.02,4
1,Sébastien Loeb,5,44.06779661016949,630.5084745762712,37.8,3712,14.4,2.3,-8.7,-0.07,-0.24,2
1,Sébastien Loeb,5,44.16795069337442,631.9414483821263,29.7,3763,7.5,18.7,-6.0,-0.09,-0.04,2
1,Sébastien Loeb,5,44.26810477657935,633.3744221879815,30.8,3673,50.2,0.0,18.8,0.09,-0.01,3
1,Sébastien Loeb,5,44.368258859784284,634.8073959938366,32.5,3611,46.5,0.0,5.4,0.05,0.05,3
1,Sébastien Loeb,5,44.46841294298921,636.2403697996918,32.6,3790,50.4,0.0,-11.1,0.05,0.15,4
1,Sébastien Loeb,5,44.568567026194145,637.673343605547,35.4,3748,50.6,1.7,11.7,0.07,-0.0,2
1,Sébastien Loeb,5,44.66872110939907,639.1063174114022,35.6,3715,18.3,1.0,16.3,0.03,-0.18,3
1,Sébastien Loeb,5,44.76887519260401,640.5392912172573,34.5,3798,18.4,1.4,7.4,0.14,0.13,2
1,Sébastien Loeb,5,44.869029275808934,641.9722650231124,34.7,3970,4.8,22.8,33.7,0.09,-0.04,2
1,Sébastien Loeb,5,44.96918335901387,643.4052388289676,26.1,3586,5.5,21.7,11.7,-0.1,-0.16,3
1,Sébastien Loeb,5,45.069337442218796,644.8382126348228,26.7,3410,13.3,1.4,36.4,0.3,0.02,3
1,Sébastien Loeb,5,45.16949152542373,646.271186440678,22.3,3162,15.7,2.4,30.4,0.27,-0.08,3
1,Sébastien Loeb,5,45.26964560862866,647.7041602465331,24.3,3268,49.1,1.2,37.0,0.11,0.06,2
1,Sébastien Loeb,5,45.36979969183359,649.1371340523883,24.9,3233,46.1,0.9,8.3,0.0,0.02,3
1,Sébastien Loeb,5,45.46995377503852,650.5701078582434,26.0,3379,17.5,0.0,28.0,0.05,-0.06,3
1,Sébastien Loeb,5,45.57010785824345,652.0030816640987,23.5,3151,17.9,0.4,27.4,0.17,0.01,4
1,Sébastien Loeb,5,45.67026194144838,653.4360554699538,24.8,3300,45.8,0.0,8.5,0.22,-0.09,2
1,Sébastien Loeb,5,45.770416024653315,654.8690292758089,25.1,3224,17.8,0.0,48.1,0.31,-0.05,2
1,Sébastien Loeb,5,45.87057010785824,656.3020030816641,23.6,3081,17.3,0.0,20.9,0.21,0.0,2
1,Sébastien Loeb,5,45.97072419106318,657.7349768875192,23.5,3326,45.8,0.0,25.6,0.21,0.21,3
1,Sébastien Loeb,5,46.070878274268104,659.1679506933745,25.2,3353,44.3,0.0,21.2,0.11,-0.09,2
1,Sébastien Loeb,5,46.17103235747303,660.6009244992296,24.7,3495,42.9,0.0,48.6,0.35,0.07,4
1,Sébastien Loeb,5,46.271186440677965,662.0338983050848,26.0,3262,16.7,0.2,16.8,0.16,0.03,2
1,Sébastien Loeb,5,46.37134052388289,663.4668721109399,22.9,3185,16.9,0.0,50.6,0.4,-0.22,4
1,Sébastien Loeb,5,46.47149460708783,664.899845916795,24.3,3261,45.9,0.1,58.6,0.25,0.07,2
1,Sébastien Loeb,5,46.571648690292754,666.3328197226502,24.5,3410,48.4,1.2,52.6,0.09,0.13,3
1,Sébastien Loeb,5,46.67180277349769,667.7657935285054,26.6,3332,17.4,0.0,56.8,0.39,0.03,4
1,Sébastien Loeb,5,46.771956856702616,669.1987673343606,23.1,3081,17.9,0.0,59.1,0.33,-0.03,2
1,Sébastien Loeb,5,46.87211093990755,670.6317411402157,25.5,3668,6.3,20.6,35.0,0.15,-0.11,4
1,Sébastien Loeb,5,46.97226502311248,672.0647149460709,15.5,3002,7.1,19.4,72.4,0.34,-0.11,3
1,Sébastien Loeb,5,47.07241910631741,673.497688751926,18.3,3021,19.1,0.0,45.5,0.48,-0.18,4
1,Sébastien Loeb,5,47.17257318952234,674.9306625577811,15.0,2945,14.1,0.2,52.9,0.2,-0.04,3
1,Sébastien Loeb,5,47.27272727272727,676.3636363636364,15.0,2747,20.0,0.0,50.5,0.17,-0.04,2
1,Sébastien Loeb,5,47.3728813559322,677.7966101694915,15.0,2733,20.0,0.0,64.4,0.33,-0.07,2
1,Sébastien Loeb,5,47.473035439137135,679.2295839753467,15.0,2838,52.7,0.0,50.4,0.37,0.31,2
1,Sébastien Loeb,5,47.57318952234206,680.6625577812018,18.5,2925,20.0,0.0,61.0,0.53,0.13,1
1,Sébastien Loeb,5,47.673343605547,682.095531587057,15.0,2963,13.6,1.7,42.9,0.28,-0.18,2
1,Sébastien Loeb,5,47.773497688751924,683.5285053929122,15.0,2765,49.5,0.0,80.4,0.27,0.08,2
1,Sébastien Loeb,5,47.87365177195686,684.9614791987673,17.6,2892,20.0,0.0,74.5,0.57,0.15,3
1,Sébastien Loeb,5,47.973805855161785,686.3944530046225,15.0,2678,18.0,1.4,61.5,0.31,-0.17,3
1,Sébastien Loeb,5,48.07395993836672,687.8274268104776,16.5,2726,20.0,0.0,60.2,0.22,0.01,2
1,Sébastien Loeb,5,48.17411402157165,689.2604006163328,15.0,2782,43.5,1.3,78.4,0.28,0.03,2
1,Sébastien Loeb,5,48.27426810477658,690.693374422188,17.5,2679,20.0,0.0,59.5,0.38,-0.13,3
1,Sébastien Loeb,5,48.37442218798151,692.1263482280432,15.0,3046,15.5,0.0,73.4,0.39,-0.01,2
1,Sébastien Loeb,5,48.47457627118644,693.5593220338983,15.0,2631,20.0,0.2,90.3,0.49,0.11,1
1,Sébastien Loeb,5,48.57473035439137,694.9922958397534,15.0,2816,47.0,0.0,62.0,0.44,0.19,2
1,Sébastien Loeb,5,48.674884437596305,696.4252696456086,16.9,2964,20.0,0.0,81.1,0.33,-0.02,4
1,Sébastien Loeb,5,48.77503852080123,697.8582434514637,15.0,2734,16.5,2.4,81.6,0.54,0.21,4
1,Sébastien Loeb,5,48.87519260400616,699.291217257319,15.0,2617,49.7,0.0,76.7,0.33,-0.16,2
1,Sébastien Loeb,5,48.97534668721109,700.7241910631741,17.7,2995,55.5,0.7,71.9,0.58,0.11,3
1,Sébastien Loeb,5,49.07550077041602,702.1571648690293,19.3,2927,17.6,0.0,99.0,0.55,-0.17,3
1,Sébastien Loeb,5,49.175654853620955,703.5901386748844,16.3,2745,12.2,2.0,73.1,0.27,-0.07,3
1,Sébastien Loeb,5,49.27580893682588,705.0231124807395,15.0,2827,17.6,4.4,56.1,0.08,-0.08,3
1,Sébastien Loeb,5,49.37596302003082,706.4560862865948,15.0,2771,20.0,0.0,94.1,0.55,0.05,3
1,Sébastien Loeb,5,49.476117103235744,707.8890600924499,15.0,2871,40.7,0.0,67.7,0.3,-0.01,2
1,Sébastien Loeb,5,49.57627118644068,709.3220338983051,15.2,2648,20.0,0.4,97.3,0.47,-0.08,1
1,Sébastien Loeb,5,49.676425269645605,710.7550077041602,15.0,2623,43.2,0.0,108.1,0.62,-0.06,3
1,Sébastien Loeb,5,49.77657935285054,712.1879815100154,16.1,2909,54.4,1.6,98.7,0.59,0.27,4
1,Sébastien Loeb,5,49.87673343605547,713.6209553158706,19.0,2954,41.2,1.7,106.5,0.65,0.05,3
1,Sébastien Loeb,5,49.9768875192604,715.0539291217257,16.4,3058,12.8,1.1,121.8,0.49,-0.24,4
1,Sébastien Loeb,5,50.07704160246533,716.4869029275809,15.0,2905,19.3,0.5,107.1,0.68,0.05,4
1,Sébastien Loeb,5,50.17719568567026,717.919876733436,16.1,3041,51.7,2.7,98.7,0.44,0.04,2
1,Sébastien Loeb,5,50.27734976887519,719.3528505392912,18.2,3015,47.5,0.0,119.3,0.37,0.04,3
1,Sébastien Loeb,5,50.377503852080125,720.7858243451464,18.1,3104,14.2,0.1,122.1,0.49,0.02,3
1,Sébastien Loeb,5,50.47765793528505,722.2187981510016,15.0,2762,16.2,0.0,123.4,0.64,0.08,4
1,Sébastien Loeb,5,50.577812018489986,723.6517719568567,16.0,2818,20.0,1.8,90.5,0.35,-0.09,4
1,Sébastien Loeb,5,50.67796610169491,725.0847457627118,15.0,3012,78.1,0.0,78.5,0.38,0.19,3
1,Sébastien Loeb,5,50.77812018489985,726.517719568567,26.6,3725,78.8,0.0,91.5,0.49,0.14,2
1,Sébastien Loeb,5,50.878274268104775,727.9506933744221,25.8,3526,8.6,17.2,111.3,0.54,-0.06,3
1,Sébastien Loeb,5,50.97842835130971,729.3836671802774,20.3,3238,17.4,0.0,104.0,0.47,-0.05,2
1,Sébastien Loeb,5,51.07858243451464,730.8166409861325,24.3,3377,58.5,0.0,99.5,0.37,0.1,3
1,Sébastien Loeb,5,51.17873651771957,732.2496147919877,25.4,3357,16.1,0.0,111.9,0.56,-0.07,4
1,Sébastien Loeb,5,51.2788906009245,733.6825885978428,22.1,3158,42.8,1.9,82.2,0.2,0.0,2
1,Sébastien Loeb,5,51.379044684129425,735.1155624036979,26.2,3269,19.7,0.0,107.3,0.47,0.17,3
1,Sébastien Loeb,5,51.47919876733436,736.5485362095532,22.0,3117,15.0,0.0,122.7,0.52,0.19,3
1,Sébastien Loeb,5,51.57935285053929,737.9815100154083,23.4,3506,60.6,2.3,115.0,0.55,0.14,3
1,Sébastien Loeb,5,51.67950693374422,739.4144838212635,27.7,3292,19.7,0.0,117.9,0.57,-0.01,2
1,Sébastien Loeb,5,51.77966101694915,740.8474576271186,23.2,3084,17.2,0.0,132.2,0.76,-0.19,3
1,Sébastien Loeb,5,51.87981510015408,742.2804314329738,26.1,3438,16.9,1.5,108.0,0.7,-0.11,4
1,Sébastien Loeb,5,51.97996918335901,743.713405238829,21.5,3299,50.9,0.0,99.9,0.39,0.04,4
1,Sébastien Loeb,5,52.080123266563945,745.1463790446841,29.2,3517,50.4,2.1,128.3,0.84,-0.02,2
1,Sébastien Loeb,5,52.18027734976887,746.5793528505393,24.4,3319,12.9,0.0,128.6,0.57,-0.13,4
1,Sébastien Loeb,5,52.280431432973806,748.0123266563944,25.2,3323,43.5,0.0,120.1,0.62,0.18,3
1,Sébastien Loeb,5,52.38058551617873,749.4453004622496,25.4,3234,43.7,1.9,109.9,0.6,0.02,2
1,Sébastien Loeb,5,52.48073959938367,750.8782742681047,26.2,3355,13.9,0.0,112.9,0.81,-0.05,1
1,Sébastien Loeb,5,52.580893682588595,752.31124807396,22.0,3230,17.8,1.5,94.3,0.42,-0.09,2
1,Sébastien Loeb,5,52.68104776579353,753.7442218798151,25.0,3732,82.2,0.0,130.7,0.47,0.33,4
1,Sébastien Loeb,5,52.78120184899846,755.1771956856702,33.7,4054,63.9,4.0,130.7,0.8,0.1,3
1,Sébastien Loeb,5,52.88135593220339,756.6101694915254,31.6,3574,51.9,3.1,95.4,0.39,0.01,3
1,Sébastien Loeb,5,52.98151001540832,758.0431432973805,37.0,3895,49.6,0.0,128.6,0.61,-0.11,2
1,Sébastien Loeb,5,53.08166409861325,759.4761171032358,34.3,3797,17.3,1.0,122.1,0.5,-0.03,3
1,Sébastien Loeb,5,53.18181818181818,760.9090909090909,35.5,3720,43.8,0.0,101.1,0.47,-0.04,1
1,Sébastien Loeb,5,53.281972265023114,762.3420647149461,35.4,3874,17.9,0.4,98.7,0.41,0.15,2
1,Sébastien Loeb,5,53.38212634822804,763.7750385208012,34.3,3968,52.9,0.1,122.8,0.68,0.25,3
1,Sébastien Loeb,5,53.482280431432976,765.2080123266563,39.0,3910,42.1,0.0,111.6,0.57,-0.11,2
1,Sébastien Loeb,5,53.5824345146379,766.6409861325116,34.9,4004,7.3,19.1,145.2,0.66,-0.24,4
1,Sébastien Loeb,5,53.68258859784284,768.0739599383667,31.9,3765,18.7,0.4,132.5,0.76,-0.04,2
1,Sébastien Loeb,5,53.782742681047765,769.5069337442219,34.2,4038,54.8,0.0,125.6,0.65,-0.01,3
1,Sébastien Loeb,5,53.88289676425269,770.939907550077,36.0,3942,46.7,0.0,126.6,0.45,0.06,3
1,Sébastien Loeb,5,53.983050847457626,772.3728813559322,36.1,3977,14.3,0.3,138.9,0.79,-0.09,3
1,Sébastien Loeb,5,54.08320493066255,773.8058551617873,32.8,3584,42.9,0.8,131.9,0.68,0.04,2
1,Sébastien Loeb,5,54.18335901386749,775.2388289676425,36.9,3927,17.6,0.0,126.9,0.77,0.08,1
1,Sébastien Loeb,5,54.283513097072415,776.6718027734977,31.5,3645,41.5,0.0,104.8,0.54,-0.1,4
1,Sébastien Loeb,5,54.38366718027735,778.1047765793528,37.3,3875,43.2,0.0,165.6,0.75,0.12,2
1,Sébastien Loeb,5,54.48382126348228,779.537750385208,32.4,3657,15.1,0.0,103.2,0.5,-0.12,4
1,Sébastien Loeb,5,54.58397534668721,780.9707241910631,34.5,3771,57.2,0.0,115.2,0.66,0.3,4
1,Sébastien Loeb,5,54.68412942989214,782.4036979969184,37.1,4018,3.2,25.1,95.1,0.4,-0.01,2
1,Sébastien Loeb,5,54.78428351309707,783.8366718027735,25.2,3445,1.1,28.3,128.1,0.6,-0.2,2
1,Sébastien Loeb,5,54.884437596302,785.2696456086286,26.6,3426,43.6,2.5,122.3,0.59,-0.08,3
1,Sébastien Loeb,5,54.984591679506934,786.7026194144838,26.2,3360,43.4,0.0,131.5,0.54,-0.1,4
1,Sébastien Loeb,5,55.08474576271186,788.1355932203389,27.6,3362,43.2,0.0,93.9,0.39,0.1,4
1,Sébastien Loeb,5,55.184899845916796,789.5685670261942,27.1,3448,13.7,1.0,136.6,0.7,-0.07,3
1,Sébastien Loeb,5,55.28505392912172,791.0015408320493,24.1,3257,18.5,0.0,107.7,0.66,0.08,3
1,Sébastien Loeb,5,55.38520801232666,792.4345146379045,26.3,3374,16.1,4.2,117.5,0.62,0.18,2
1,Sébastien Loeb,5,55.485362095531585,793.8674884437596,21.9,3013,17.5,0.0,133.5,0.66,-0.1,4
1,Sébastien Loeb,5,55.58551617873652,795.3004622496147,24.9,3504,56.9,0.7,123.3,0.53,-0.04,4
1,Sébastien Loeb,5,55.685670261941446,796.73343605547,26.6,3376,41.4,1.9,124.2,0.73,0.03,2
1,Sébastien Loeb,5,55.78582434514638,798.1664098613251,25.3,3317,18.7,3.2,131.0,0.7,0.1,2
1,Sébastien Loeb,5,55.88597842835131,799.5993836671803,25.9,3403,18.8,0.0,125.2,0.56,-0.11,2
1,Sébastien Loeb,5,55.98613251155624,801.0323574730354,24.6,3196,44.9,0.0,113.4,0.66,0.03,2
1,Sébastien Loeb,5,56.08628659476117,802.4653312788906,27.3,3494,41.0,2.5,115.8,0.63,0.14,4
1,Sébastien Loeb,5,56.186440677966104,803.8983050847457,24.8,3343,14.3,1.6,121.1,0.52,-0.22,2
1,Sébastien Loeb,5,56.28659476117103,805.3312788906009,24.1,3362,47.0,2.2,104.2,0.51,0.06,1
1,Sébastien Loeb,5,56.386748844375965,806.7642526964561,26.8,3480,16.6,0.0,132.2,0.61,-0.09,2
1,Sébastien Loeb,5,56.48690292758089,808.1972265023112,22.2,3033,18.6,3.1,121.2,0.87,-0.0,4
1,Sébastien Loeb,5,56.58705701078582,809.6302003081664,26.0,3609,7.1,19.4,117.6,0.64,-0.06,3
1,Sébastien Loeb,5,56.687211093990754,811.0631741140215,15.0,3087,4.8,22.8,134.0,0.69,-0.13,3
1,Sébastien Loeb,5,56.78736517719568,812.4961479198768,17.6,2881,20.0,0.0,113.8,0.62,-0.1,2
1,Sébastien Loeb,5,56.887519260400616,813.9291217257319,15.0,2823,15.9,0.0,112.4,0.7,-0.09,4
1,Sébastien Loeb,5,56.98767334360554,815.362095531587,15.3,2785,43.0,0.0,107.4,0.53,0.16,4
1,Sébastien Loeb,5,57.08782742681048,816.7950693374422,15.8,2882,19.5,0.0,119.3,0.54,0.03,2
1,Sébastien Loeb,5,57.187981510015405,818.2280431432973,15.0,2837,18.5,0.2,118.2,0.68,0.07,1
1,Sébastien Loeb,5,57.28813559322034,819.6610169491526,15.0,2828,47.5,0.0,103.0,0.5,0.06,1
1,Sébastien Loeb,5,57.388289676425266,821.0939907550077,17.1,2768,46.2,0.0,109.8,0.44,0.11,2
1,Sébastien Loeb,5,57.4884437596302,822.5269645608629,16.7,2941,17.3,0.0,101.9,0.38,-0.07,3
1,Sébastien Loeb,5,57.58859784283513,823.959938366718,15.6,2913,16.9,0.0,100.6,0.66,-0.11,4
1,Sébastien Loeb,5,57.68875192604006,825.3929121725732,15.0,3002,42.2,1.6,84.6,0.44,0.09,3
1,Sébastien Loeb,5,57.78890600924499,826.8258859784283,16.2,2967,45.1,0.0,106.4,0.47,0.14,4
1,Sébastien Loeb,5,57.889060092449924,828.2588597842835,16.4,2670,18.1,0.0,83.6,0.39,-0.11,3
1,Sébastien Loeb,5,57.98921417565485,829.6918335901387,15.1,2799,43.7,0.0,101.5,0.59,-0.04,3
1,Sébastien Loeb,5,58.089368258859785,831.1248073959938,17.4,3057,19.8,1.1,98.5,0.46,-0.02,3
1,Sébastien Loeb,5,58.18952234206471,832.557781201849,15.0,2900,15.6,0.0,122.7,0.47,0.12,2
1,Sébastien Loeb,5,58.28967642526965,833.9907550077041,15.0,2783,20.0,4.0,90.9,0.49,0.06,2
1,Sébastien Loeb,5,58.389830508474574,835.4237288135594,15.0,2906,46.6,0.4,93.9,0.59,-0.1,3
1,Sébastien Loeb,5,58.48998459167951,836.8567026194145,16.8,2802,42.3,2.1,98.7,0.61,0.0,1
1,Sébastien Loeb,5,58.590138674884436,838.2896764252696,15.6,2895,16.7,0.0,94.9,0.42,-0.06,2
1,Sébastien Loeb,5,58.69029275808937,839.7226502311248,15.0,2748,18.9,0.2,123.3,0.74,-0.13,3
1,Sébastien Loeb,5,58.7904468412943,841.1556240369799,15.0,2748,20.0,3.1,84.7,0.45,-0.01,4
1,Sébastien Loeb,5,58.89060092449923,842.5885978428352,15.0,2890,45.7,0.0,95.2,0.6,0.0,3
1,Sébastien Loeb,5,58.99075500770416,844.0215716486903,16.6,2737,20.0,0.4,104.9,0.58,-0.04,4
1,Sébastien Loeb,5,59.090909090909086,845.4545454545455,15.0,2936,17.1,2.0,112.2,0.41,-0.07,3
1,Sébastien Loeb,5,59.19106317411402,846.8875192604006,15.0,2708,20.0,0.0,92.3,0.64,0.15,3
1,Sébastien Loeb,5,59.29121725731895,848.3204930662557,15.0,2776,20.0,0.0,68.2,0.35,-0.04,3
1,Sébastien Loeb,5,59.39137134052388,849.753466872111,15.0,2610,20.0,0.5,93.7,0.53,0.0,4
1,Sébastien Loeb,5,59.49152542372881,851.1864406779661,15.0,2822,20.0,2.0,115.2,0.44,-0.01,3
1,Sébastien Loeb,5,59.591679506933744,852.6194144838213,15.0,2895,20.0,0.0,98.1,0.54,-0.05,3
1,Sébastien Loeb,5,59.69183359013867,854.0523882896764,15.0,2748,44.9,1.3,96.4,0.59,0.03,3
1,Sébastien Loeb,5,59.791987673343606,855.4853620955316,16.4,2707,20.0,1.4,75.8,0.57,0.01,3
1,Sébastien Loeb,5,59.89214175654853,856.9183359013867,15.0,2827,17.5,0.0,73.1,0.51,-0.02,2
1,Sébastien Loeb,5,59.99229583975347,858.3513097072419,15.0,3062,56.6,0.0,89.7,0.5,-0.0,1
1,Sébastien Loeb,5,60.092449922958394,859.7842835130971,19.6,2836,20.0,0.0,66.9,0.18,-0.02,1
1,Sébastien Loeb,5,60.19260400616333,861.2172573189522,15.0,2722,15.9,0.0,98.9,0.51,0.03,4
1,Sébastien Loeb,5,60.292758089368256,862.6502311248074,17.3,2938,51.7,0.0,73.2,0.31,0.04,2
1,Sébastien Loeb,5,60.39291217257319,864.0832049306625,18.2,2914,15.8,0.0,84.4,0.45,-0.03,2
1,Sébastien Loeb,5,60.49306625577812,865.5161787365178,15.0,2917,64.9,3.3,55.2,0.15,0.14,3
1,Sébastien Loeb,5,60.59322033898305,866.9491525423729,25.1,3371,72.3,0.0,76.4,0.36,0.21,2
1,Sébastien Loeb,5,60.69337442218798,868.382126348228,24.0,3306,17.6,0.0,63.2,0.26,0.03,3
1,Sébastien Loeb,5,60.79352850539291,869.8151001540832,23.8,3301,47.7,0.0,44.9,0.17,0.02,2
1,Sébastien Loeb,5,60.89368258859784,871.2480739599383,26.1,3137,19.9,1.1,86.6,0.38,-0.09,4
1,Sébastien Loeb,5,60.993836671802775,872.6810477657936,23.8,3409,16.2,0.1,101.7,0.5,-0.16,4
1,Sébastien Loeb,5,61.0939907550077,874.1140215716487,24.0,3401,43.3,0.0,92.7,0.49,0.12,4
1,Sébastien Loeb,5,61.19414483821264,875.5469953775039,24.7,3167,40.9,0.0,84.7,0.17,0.08,3
1,Sébastien Loeb,5,61.294298921417564,876.979969183359,24.3,3402,16.4,0.0,66.9,0.1,0.03,3
1,Sébastien Loeb,5,61.3944530046225,878.4129429892141,22.7,3160,48.4,0.0,83.8,0.39,0.12,2
1,Sébastien Loeb,5,61.494607087827426,879.8459167950693,26.6,3508,56.0,0.7,88.7,0.42,0.07,1
1,Sébastien Loeb,5,61.59476117103235,881.2788906009245,27.1,3304,18.4,0.0,71.0,0.37,-0.08,1
1,Sébastien Loeb,5,61.69491525423729,882.7118644067797,25.7,3608,14.9,0.8,49.8,0.18,-0.15,3
1,Sébastien Loeb,5,61.795069337442214,884.1448382126348,24.2,3258,16.2,2.8,58.6,0.29,-0.15,3
1,Sébastien Loeb,5,61.89522342064715,885.57781201849,23.6,3216,18.8,0.7,90.2,0.46,0.11,3
1,Sébastien Loeb,5,61.995377503852076,887.0107858243451,23.6,3331,62.1,0.0,62.1,0.24,0.06,1
1,Sébastien Loeb,5,62.09553158705701,888.4437596302002,29.7,3790,51.8,0.0,11.9,0.16,0.17,3
1,Sébastien Loeb,5,62.19568567026194,889.8767334360555,26.9,3763,8.5,17.3,38.2,0.21,-0.14,3
1,Sébastien Loeb,5,62.29583975346687,891.3097072419106,23.3,3385,17.2,0.0,52.4,0.32,-0.1,3
1,Sébastien Loeb,5,62.3959938366718,892.7426810477658,25.3,3396,43.4,1.7,72.8,0.37,-0.09,3
1,Sébastien Loeb,5,62.496147919876734,894.1756548536209,24.3,3541,79.0,1.3,51.6,0.47,0.14,2
1,Sébastien Loeb,5,62.59630200308166,895.6086286594762,36.2,4316,82.5,0.0,70.0,0.41,0.36,4
1,Sébastien Loeb,5,62.696456086286595,897.0416024653313,36.1,3840,43.6,0.0,44.8,0.18,-0.09,3
1,Sébastien Loeb,5,62.79661016949152,898.4745762711864,37.2,4090,15.0,0.0,21.7,0.19,0.16,2
1,Sébastien Loeb,5,62.89676425269646,899.9075500770416,33.3,3847,16.5,0.7,42.2,0.05,-0.12,2
1,Sébastien Loeb,5,62.996918335901384,901.3405238828967,35.2,3760,16.8,1.2,53.2,0.28,0.04,3
1,Sébastien Loeb,5,63.09707241910632,902.773497688752,31.5,3768,15.1,0.0,50.3,0.28,-0.06,4
1,Sébastien Loeb,5,63.197226502311246,904.2064714946071,32.5,3882,59.0,0.0,26.0,0.14,0.06,3
1,Sébastien Loeb,5,63.29738058551618,905.6394453004623,36.8,3583,42.2,0.1,37.9,0.16,-0.12,2
1,Sébastien Loeb,5,63.39753466872111,907.0724191063174,33.1,3859,13.8,1.2,81.9,0.31,-0.07,4
1,Sébastien Loeb,5,63.49768875192604,908.5053929121725,33.3,3691,46.8,0.0,21.5,0.03,-0.08,3
1,Sébastien Loeb,5,63.59784283513097,909.9383667180277,35.0,3771,51.1,0.0,48.3,0.25,-0.11,3
1,Sébastien Loeb,5,63.6979969183359,911.3713405238828,36.4,3811,16.2,0.0,5.3,-0.08,-0.03,3
1,Sébastien Loeb,5,63.79815100154083,912.8043143297381,32.9,3931,5.0,22.5,48.0,0.42,-0.22,2
1,Sébastien Loeb,5,63.898305084745765,914.2372881355932,28.0,3464,41.4,1.7,20.1,-0.16,0.18,3
1,Sébastien Loeb,5,63.99845916795069,915.6702619414484,33.3,3864,73.7,0.0,37.8,0.16,0.27,2
1,Sébastien Loeb,5,64.09861325115563,917.1032357473035,37.4,3977,48.7,4.4,10.8,0.06,0.21,4
1,Sébastien Loeb,5,64.19876733436055,918.5362095531586,35.7,3851,40.9,0.0,32.8,0.21,-0.06,3
1,Sébastien Loeb,5,64.29892141756548,919.9691833590139,37.6,4175,14.7,0.0,13.2,-0.03,-0.04,3
1,Sébastien Loeb,5,64.39907550077041,921.402157164869,32.7,3743,9.3,16.0,14.4,0.19,-0.37,3
1,Sébastien Loeb,5,64.49922958397535,922.8351309707242,31.7,3666,51.5,0.0,30.0,0.01,0.03,4
1,Sébastien Loeb,5,64.59938366718028,924.2681047765793,35.9,3958,53.5,0.0,15.3,0.02,0.08,4
1,Sébastien Loeb,5,64.6995377503852,925.7010785824345,35.5,3900,19.4,0.9,25.7,0.19,0.01,3
1,Sébastien Loeb,5,64.79969183359013,927.1340523882897,35.6,3800,45.0,0.7,15.5,0.18,0.02,3
1,Sébastien Loeb,5,64.89984591679507,928.5670261941448,36.9,3972,40.8,0.1,17.7,-0.05,0.01,3
1,Sébastien Loeb,5,65.0,930.0,35.8,3672,16.3,0.7,21.6,0.37,-0.31,3
